{"stats":{"minecraft:crafted":{"minecraft:crafting_table":1,"minecraft:wooden_pickaxe":1,"minecraft:stone_axe":1,"minecraft:stick":20,"minecraft:stone_pickaxe":3,"minecraft:acacia_planks":20,"minecraft:torch":40},"minecraft:broken":{"minecraft:stone_pickaxe":1},"minecraft:killed":{"minecraft:sheep":1,"minecraft:cow":5},"minecraft:dropped":{"minecraft:cobblestone":3,"minecraft:beetroot_seeds":1,"minecraft:white_wool":1},"minecraft:used":{"create:limestone":1,"minecraft:stone_pickaxe":224,"minecraft:wooden_pickaxe":20,"minecraft:torch":9,"minecraft:mutton":1,"minecraft:crafting_table":2,"anthropology_items__structures:limestone_brick":1,"minecraft:iron_pickaxe":4,"minecraft:stone_axe":3,"minecraft:cobblestone":54,"minecraft:beef":3,"minecraft:andesite":30,"minecraft:egg":2,"minecraft:cooked_beef":1,"minecraft:cobbled_deepslate":1},"minecraft:custom":{"minecraft:interact_with_furnace":3,"minecraft:mob_kills":6,"minecraft:interact_with_crafting_table":6,"minecraft:leave_game":2,"minecraft:time_since_death":26125,"minecraft:sleep_in_bed":1,"minecraft:time_since_rest":9327,"minecraft:sprint_one_cm":48886,"minecraft:damage_taken":190,"minecraft:walk_one_cm":70881,"minecraft:drop":5,"minecraft:damage_dealt":580,"minecraft:swim_one_cm":5119,"minecraft:fly_one_cm":71364,"minecraft:crouch_one_cm":6874,"minecraft:play_time":26125,"minecraft:sneak_time":1816,"minecraft:walk_under_water_one_cm":211,"minecraft:jump":412,"minecraft:walk_on_water_one_cm":520,"minecraft:total_world_time":26125,"minecraft:fall_one_cm":11653},"minecraft:picked_up":{"minecraft:crafting_table":1,"minecraft:cooked_beef":12,"minecraft:andesite":30,"minecraft:leather":5,"create:raw_zinc":3,"minecraft:dirt":24,"minecraft:raw_copper":32,"create:limestone":1,"botania:magenta_mystical_flower":3,"botania:cyan_mystical_flower":2,"minecraft:cobbled_deepslate":1,"botania:purple_mystical_flower":5,"minecraft:beef":12,"minecraft:iron_pickaxe":1,"minecraft:egg":2,"minecraft:raw_iron":18,"minecraft:stick":1,"botania:red_mystical_flower":2,"minecraft:torch":1,"minecraft:acacia_log":5,"minecraft:white_bed":1,"mekanism:raw_tin":2,"create:crimsite":4,"botania:light_gray_mystical_flower":2,"minecraft:beetroot_seeds":1,"minecraft:iron_helmet":1,"minecraft:granite":1,"minecraft:mutton":1,"anthropology_items__structures:limestone_brick":1,"minecraft:coal":45,"minecraft:white_wool":1,"minecraft:cobblestone":135},"minecraft:mined":{"create:zinc_ore":3,"minecraft:white_bed":1,"botania:red_mystical_flower":2,"minecraft:crafting_table":1,"minecraft:torch":1,"minecraft:granite":1,"minecraft:acacia_log":5,"minecraft:grass_block":1,"mekanism:tin_ore":2,"minecraft:copper_ore":8,"minecraft:cobblestone":4,"botania:light_gray_mystical_flower":2,"farmersdelight:wild_beetroots":1,"botania:cyan_mystical_flower":2,"minecraft:tall_seagrass":8,"botania:purple_mystical_flower":5,"botania:magenta_mystical_flower":3,"minecraft:iron_ore":18,"minecraft:andesite":29,"minecraft:grass":20,"anthropology_items__structures:limestone_brick":1,"minecraft:coal_ore":39,"minecraft:dirt":27,"minecraft:stone":131,"create:crimsite":6,"create:limestone":1,"minecraft:deepslate":1}},"DataVersion":3465}