{"stats":{"minecraft:crafted":{"minecraft:crafting_table":1,"minecraft:wooden_pickaxe":1,"minecraft:stone_axe":1,"minecraft:stick":24,"minecraft:stone_pickaxe":3,"minecraft:acacia_planks":20,"minecraft:torch":56},"minecraft:broken":{"minecraft:stone_pickaxe":2},"minecraft:killed":{"minecraft:creeper":1,"minecraft:skeleton":5,"minecraft:sheep":1,"minecraft:zombie":3,"minecraft:drowned":1,"minecraft:cow":5},"minecraft:dropped":{"minecraft:cobbled_deepslate":4,"minecraft:cobblestone":3,"minecraft:rotten_flesh":3,"minecraft:granite":1,"minecraft:beetroot_seeds":1,"botania:green_mushroom":1,"minecraft:white_wool":1},"minecraft:used":{"create:limestone":1,"minecraft:stone_pickaxe":280,"minecraft:wooden_pickaxe":20,"botania:orange_mushroom":1,"botania:blue_mushroom":1,"minecraft:torch":55,"minecraft:mutton":1,"minecraft:crafting_table":2,"anthropology_items__structures:limestone_brick":1,"minecraft:iron_pickaxe":43,"botania:purple_mushroom":1,"minecraft:stone_axe":39,"minecraft:cobblestone":81,"minecraft:beef":3,"minecraft:andesite":32,"minecraft:egg":2,"minecraft:cooked_beef":6,"minecraft:cobbled_deepslate":1},"minecraft:custom":{"minecraft:interact_with_furnace":9,"minecraft:mob_kills":16,"minecraft:interact_with_crafting_table":6,"minecraft:leave_game":2,"minecraft:time_since_death":50125,"minecraft:sleep_in_bed":1,"minecraft:time_since_rest":33327,"minecraft:sprint_one_cm":85849,"minecraft:damage_taken":581,"minecraft:walk_one_cm":129911,"minecraft:drop":9,"minecraft:damage_dealt":2741,"minecraft:swim_one_cm":5119,"minecraft:fly_one_cm":124022,"minecraft:crouch_one_cm":10731,"minecraft:play_time":50125,"minecraft:sneak_time":3246,"minecraft:walk_under_water_one_cm":1038,"minecraft:jump":838,"minecraft:walk_on_water_one_cm":4850,"minecraft:total_world_time":50125,"minecraft:fall_one_cm":21119},"minecraft:picked_up":{"minecraft:iron_chestplate":1,"minecraft:crafting_table":2,"minecraft:cooked_beef":12,"minecraft:andesite":32,"minecraft:leather":5,"botania:blue_mushroom":1,"minecraft:tuff":2,"create:raw_zinc":3,"minecraft:gunpowder":1,"minecraft:dirt":24,"minecraft:raw_copper":32,"create:limestone":1,"minecraft:iron_leggings":1,"minecraft:bone":2,"botania:magenta_mystical_flower":3,"botania:cyan_mystical_flower":2,"minecraft:bow":1,"minecraft:cobbled_deepslate":5,"minecraft:raw_gold":6,"botania:purple_mystical_flower":5,"minecraft:iron_ingot":1,"minecraft:beef":12,"minecraft:iron_pickaxe":1,"minecraft:iron_boots":1,"minecraft:egg":2,"minecraft:raw_iron":87,"minecraft:stick":1,"botania:red_mystical_flower":2,"minecraft:torch":4,"minecraft:acacia_log":5,"botania:purple_mushroom":1,"botania:green_mushroom":1,"minecraft:white_bed":1,"mekanism:raw_osmium":1,"mekanism:raw_tin":5,"minecraft:arrow":2,"create:crimsite":4,"minecraft:rotten_flesh":5,"botania:light_gray_mystical_flower":2,"minecraft:beetroot_seeds":1,"minecraft:iron_helmet":1,"botania:orange_mushroom":1,"minecraft:granite":1,"minecraft:mutton":1,"anthropology_items__structures:limestone_brick":1,"minecraft:coal":48,"minecraft:white_wool":1,"minecraft:cobblestone":149},"minecraft:mined":{"create:zinc_ore":3,"minecraft:tuff":2,"minecraft:white_bed":1,"botania:red_mystical_flower":2,"minecraft:crafting_table":1,"minecraft:torch":1,"minecraft:granite":1,"minecraft:acacia_log":5,"minecraft:grass_block":1,"mekanism:tin_ore":2,"botania:orange_mushroom":1,"minecraft:copper_ore":8,"minecraft:cobblestone":6,"minecraft:deepslate_gold_ore":4,"botania:light_gray_mystical_flower":2,"minecraft:wall_torch":1,"botania:purple_mushroom":1,"botania:blue_mushroom":1,"farmersdelight:wild_beetroots":1,"botania:cyan_mystical_flower":2,"minecraft:tall_seagrass":8,"botania:purple_mystical_flower":5,"botania:magenta_mystical_flower":3,"minecraft:iron_ore":67,"minecraft:andesite":31,"botania:green_mushroom":1,"mekanism:deepslate_tin_ore":3,"minecraft:grass":20,"anthropology_items__structures:limestone_brick":1,"minecraft:coal_ore":42,"minecraft:deepslate_iron_ore":17,"minecraft:dirt":27,"minecraft:stone":139,"minecraft:gold_ore":2,"create:crimsite":6,"create:limestone":1,"minecraft:deepslate":3}},"DataVersion":3465}