{"stats":{"minecraft:crafted":{"minecraft:crafting_table":1,"minecraft:stick":8,"minecraft:wooden_pickaxe":1,"minecraft:stone_pickaxe":3,"minecraft:acacia_planks":20},"minecraft:broken":{"minecraft:stone_pickaxe":1},"minecraft:killed":{"minecraft:cow":5},"minecraft:dropped":{"minecraft:beetroot_seeds":1,"minecraft:cobblestone":3},"minecraft:used":{"minecraft:stone_pickaxe":140,"minecraft:wooden_pickaxe":20,"minecraft:cobblestone":1,"minecraft:beef":3,"minecraft:crafting_table":1,"minecraft:andesite":1,"minecraft:egg":2},"minecraft:picked_up":{"minecraft:stick":1,"minecraft:andesite":30,"minecraft:leather":5,"minecraft:acacia_log":5,"minecraft:dirt":23,"minecraft:raw_copper":32,"minecraft:beetroot_seeds":1,"minecraft:beef":12,"minecraft:cobblestone":122,"minecraft:egg":2},"minecraft:mined":{"farmersdelight:wild_beetroots":1,"minecraft:tall_seagrass":8,"minecraft:andesite":29,"minecraft:grass":17,"minecraft:acacia_log":5,"minecraft:grass_block":1,"minecraft:dirt":27,"minecraft:copper_ore":8,"minecraft:cobblestone":1,"minecraft:stone":121},"minecraft:custom":{"minecraft:time_since_rest":14125,"minecraft:interact_with_furnace":2,"minecraft:sprint_one_cm":21225,"minecraft:damage_taken":50,"minecraft:walk_one_cm":31907,"minecraft:mob_kills":5,"minecraft:drop":4,"minecraft:damage_dealt":500,"minecraft:swim_one_cm":5119,"minecraft:interact_with_crafting_table":3,"minecraft:fly_one_cm":35807,"minecraft:play_time":14125,"minecraft:walk_under_water_one_cm":211,"minecraft:jump":213,"minecraft:leave_game":2,"minecraft:walk_on_water_one_cm":520,"minecraft:time_since_death":14125,"minecraft:total_world_time":14125,"minecraft:fall_one_cm":4129}},"DataVersion":3465}