{"stats":{"minecraft:crafted":{"minecraft:cooked_beef":12,"minecraft:wooden_sword":1,"minecraft:cooked_porkchop":8,"minecraft:crafting_table":2,"minecraft:stick":12,"minecraft:stone_pickaxe":1,"minecraft:furnace":1,"minecraft:acacia_planks":40,"minecraft:torch":36,"minecraft:air":0},"minecraft:killed":{"minecraft:zombie":3,"minecraft:pig":4,"minecraft:chicken":6,"minecraft:cow":5},"minecraft:used":{"minecraft:stone_pickaxe":107,"minecraft:rotten_flesh":4,"minecraft:wooden_sword":45,"minecraft:dirt":1,"minecraft:beef":2,"minecraft:crafting_table":2,"minecraft:furnace":1,"minecraft:cooked_porkchop":1,"minecraft:acacia_sapling":2},"minecraft:mined":{"minecraft:acacia_leaves":7,"minecraft:andesite":16,"minecraft:granite":6,"minecraft:grass":8,"minecraft:acacia_log":10,"minecraft:grass_block":3,"minecraft:coal_ore":26,"minecraft:dirt":6,"minecraft:stone":55,"minecraft:sugar_cane":1,"minecraft:diorite":4,"minecraft:oak_leaves":1},"minecraft:picked_up":{"minecraft:feather":6,"minecraft:chicken":6,"minecraft:andesite":15,"minecraft:leather":2,"minecraft:acacia_log":10,"minecraft:porkchop":8,"minecraft:diorite":4,"minecraft:dirt":9,"minecraft:arrow":2,"minecraft:bone":2,"minecraft:rotten_flesh":4,"minecraft:beef":8,"minecraft:granite":6,"minecraft:sugar_cane":2,"minecraft:acacia_sapling":2,"minecraft:coal":26,"minecraft:cobblestone":58,"minecraft:egg":1},"minecraft:custom":{"minecraft:time_since_rest":16597,"minecraft:damage_taken":185,"minecraft:interact_with_furnace":6,"minecraft:sprint_one_cm":35569,"minecraft:walk_one_cm":37109,"minecraft:mob_kills":19,"minecraft:damage_dealt":1785,"minecraft:interact_with_crafting_table":3,"minecraft:fly_one_cm":42344,"minecraft:crouch_one_cm":2631,"minecraft:play_time":16597,"minecraft:sneak_time":1261,"minecraft:jump":253,"minecraft:leave_game":3,"minecraft:time_since_death":16597,"minecraft:total_world_time":16597,"minecraft:fall_one_cm":3611}},"DataVersion":3465}