{"stats":{"minecraft:crafted":{"minecraft:cooked_beef":12,"minecraft:wooden_sword":1,"minecraft:cooked_porkchop":8,"minecraft:crafting_table":2,"mekanism:ingot_osmium":1,"minecraft:iron_helmet":2,"minecraft:furnace":2,"minecraft:stone_axe":1,"minecraft:air":0,"minecraft:stick":20,"minecraft:iron_ingot":16,"minecraft:iron_pickaxe":2,"minecraft:stone_pickaxe":1,"minecraft:white_bed":2,"minecraft:acacia_planks":40,"minecraft:torch":36},"minecraft:broken":{"minecraft:stone_pickaxe":1},"minecraft:killed":{"minecraft:pig":4,"minecraft:spider":1,"minecraft:sheep":7,"minecraft:skeleton":4,"minecraft:zombie":5,"minecraft:chicken":6,"minecraft:cow":5},"minecraft:dropped":{"minecraft:cooked_beef":12,"minecraft:raw_copper":2,"minecraft:iron_helmet":1,"anthropology_items__structures:limestone":1,"mekanism:raw_osmium":1,"minecraft:wooden_sword":1,"minecraft:iron_pickaxe":1,"minecraft:white_wool":1,"minecraft:black_wool":1,"minecraft:egg":1},"minecraft:used":{"minecraft:diorite":4,"minecraft:stone_pickaxe":131,"create:crimsite":3,"minecraft:rotten_flesh":6,"minecraft:torch":31,"minecraft:dirt":10,"minecraft:mutton":10,"minecraft:crafting_table":5,"minecraft:white_bed":3,"minecraft:acacia_sapling":2,"minecraft:granite":6,"minecraft:iron_pickaxe":77,"minecraft:iron_helmet":1,"minecraft:stone_axe":17,"minecraft:wooden_sword":59,"minecraft:cobblestone":26,"minecraft:beef":2,"minecraft:furnace":4,"minecraft:cooked_porkchop":4,"minecraft:andesite":16},"minecraft:custom":{"minecraft:interact_with_furnace":28,"minecraft:mob_kills":33,"minecraft:interact_with_crafting_table":9,"minecraft:leave_game":3,"minecraft:time_since_death":40597,"minecraft:sleep_in_bed":1,"minecraft:time_since_rest":21327,"minecraft:sprint_one_cm":89759,"minecraft:damage_taken":595,"minecraft:walk_one_cm":109293,"minecraft:drop":11,"minecraft:damage_dealt":3608,"minecraft:fly_one_cm":109942,"minecraft:crouch_one_cm":13071,"minecraft:play_time":40597,"minecraft:sneak_time":4361,"minecraft:jump":728,"minecraft:walk_on_water_one_cm":320,"minecraft:total_world_time":40597,"minecraft:fall_one_cm":19942},"minecraft:picked_up":{"minecraft:crafting_table":3,"minecraft:feather":6,"minecraft:chicken":6,"mekanism:raw_lead":6,"minecraft:andesite":16,"minecraft:leather":2,"anthropology_items__structures:limestone":1,"minecraft:lapis_lazuli":30,"minecraft:string":2,"minecraft:dirt":10,"minecraft:raw_copper":9,"minecraft:bone":5,"minecraft:cobbled_deepslate":2,"minecraft:raw_gold":8,"minecraft:beef":11,"minecraft:sugar_cane":16,"minecraft:acacia_sapling":2,"minecraft:egg":1,"minecraft:furnace":2,"minecraft:raw_iron":29,"minecraft:torch":1,"minecraft:acacia_log":10,"minecraft:porkchop":8,"minecraft:diorite":4,"minecraft:white_bed":2,"mekanism:raw_osmium":1,"mekanism:raw_tin":1,"minecraft:rotten_flesh":6,"minecraft:arrow":7,"create:crimsite":3,"minecraft:granite":6,"minecraft:black_wool":1,"minecraft:mutton":10,"minecraft:coal":37,"minecraft:white_wool":7,"minecraft:cobblestone":84},"minecraft:mined":{"mekanism:deepslate_lead_ore":5,"minecraft:acacia_leaves":7,"mekanism:osmium_ore":1,"minecraft:white_bed":2,"anthropology_items__structures:limestone":1,"minecraft:crafting_table":3,"minecraft:glow_lichen":1,"minecraft:granite":6,"minecraft:acacia_log":10,"minecraft:grass_block":3,"minecraft:copper_ore":1,"minecraft:cobblestone":1,"minecraft:deepslate_gold_ore":5,"minecraft:sugar_cane":6,"minecraft:diorite":4,"minecraft:deepslate_copper_ore":2,"minecraft:furnace":2,"minecraft:iron_ore":16,"minecraft:andesite":17,"minecraft:deepslate_lapis_ore":4,"mekanism:lead_ore":1,"minecraft:grass":9,"mekanism:deepslate_tin_ore":1,"minecraft:deepslate_iron_ore":15,"minecraft:coal_ore":40,"minecraft:dirt":8,"minecraft:stone":80,"minecraft:gold_ore":3,"minecraft:oak_leaves":1,"create:crimsite":1}},"DataVersion":3465}