{"stats":{"minecraft:crafted":{"minecraft:cooked_beef":12,"minecraft:wooden_sword":1,"minecraft:cooked_porkchop":8,"minecraft:crafting_table":2,"minecraft:iron_helmet":2,"minecraft:furnace":1,"minecraft:stone_axe":1,"minecraft:air":0,"minecraft:stick":20,"minecraft:iron_ingot":16,"minecraft:iron_pickaxe":2,"minecraft:stone_pickaxe":1,"minecraft:white_bed":2,"minecraft:acacia_planks":40,"minecraft:torch":36},"minecraft:broken":{"minecraft:stone_pickaxe":1},"minecraft:killed":{"minecraft:pig":4,"minecraft:sheep":7,"minecraft:zombie":3,"minecraft:chicken":6,"minecraft:cow":5},"minecraft:dropped":{"minecraft:cooked_beef":12,"minecraft:raw_copper":2,"minecraft:iron_helmet":1,"anthropology_items__structures:limestone":1,"minecraft:wooden_sword":1,"minecraft:iron_pickaxe":1,"minecraft:white_wool":1,"minecraft:black_wool":1,"minecraft:egg":1},"minecraft:used":{"minecraft:diorite":4,"minecraft:stone_pickaxe":131,"create:crimsite":3,"minecraft:rotten_flesh":4,"minecraft:dirt":7,"minecraft:mutton":3,"minecraft:crafting_table":4,"minecraft:white_bed":3,"minecraft:acacia_sapling":2,"minecraft:granite":6,"minecraft:iron_pickaxe":1,"minecraft:iron_helmet":1,"minecraft:stone_axe":1,"minecraft:wooden_sword":59,"minecraft:beef":2,"minecraft:furnace":2,"minecraft:cooked_porkchop":2,"minecraft:andesite":15},"minecraft:mined":{"minecraft:acacia_leaves":7,"minecraft:white_bed":2,"anthropology_items__structures:limestone":1,"minecraft:crafting_table":3,"minecraft:granite":6,"minecraft:acacia_log":10,"minecraft:grass_block":3,"minecraft:copper_ore":1,"minecraft:sugar_cane":6,"minecraft:diorite":4,"minecraft:furnace":2,"minecraft:iron_ore":2,"minecraft:andesite":16,"minecraft:grass":9,"mekanism:deepslate_tin_ore":1,"minecraft:coal_ore":40,"minecraft:dirt":7,"minecraft:stone":57,"minecraft:oak_leaves":1,"create:crimsite":1},"minecraft:custom":{"minecraft:interact_with_furnace":17,"minecraft:mob_kills":26,"minecraft:interact_with_crafting_table":8,"minecraft:leave_game":3,"minecraft:time_since_death":28597,"minecraft:sleep_in_bed":1,"minecraft:time_since_rest":9327,"minecraft:sprint_one_cm":62834,"minecraft:damage_taken":285,"minecraft:walk_one_cm":70635,"minecraft:drop":10,"minecraft:damage_dealt":2355,"minecraft:fly_one_cm":75949,"minecraft:crouch_one_cm":7125,"minecraft:play_time":28597,"minecraft:sneak_time":2621,"minecraft:jump":458,"minecraft:walk_on_water_one_cm":78,"minecraft:total_world_time":28597,"minecraft:fall_one_cm":10233},"minecraft:picked_up":{"minecraft:crafting_table":3,"minecraft:feather":6,"minecraft:chicken":6,"minecraft:andesite":15,"minecraft:leather":2,"anthropology_items__structures:limestone":1,"minecraft:dirt":9,"minecraft:raw_copper":2,"minecraft:bone":2,"minecraft:beef":11,"minecraft:sugar_cane":16,"minecraft:acacia_sapling":2,"minecraft:egg":1,"minecraft:furnace":2,"minecraft:raw_iron":2,"minecraft:acacia_log":10,"minecraft:porkchop":8,"minecraft:diorite":4,"minecraft:white_bed":2,"mekanism:raw_tin":1,"minecraft:rotten_flesh":4,"minecraft:arrow":2,"create:crimsite":3,"minecraft:granite":6,"minecraft:black_wool":1,"minecraft:mutton":10,"minecraft:coal":37,"minecraft:white_wool":7,"minecraft:cobblestone":60}},"DataVersion":3465}