{"stats":{"minecraft:crafted":{"minecraft:wooden_sword":1,"minecraft:acacia_planks":40,"minecraft:crafting_table":1,"minecraft:stick":4},"minecraft:killed":{"minecraft:zombie":3,"minecraft:cow":4},"minecraft:used":{"minecraft:rotten_flesh":4,"minecraft:wooden_sword":22,"minecraft:crafting_table":1,"minecraft:acacia_sapling":2},"minecraft:picked_up":{"minecraft:bone":2,"minecraft:arrow":2,"minecraft:rotten_flesh":4,"minecraft:acacia_log":10,"minecraft:beef":7,"minecraft:acacia_sapling":2},"minecraft:mined":{"minecraft:grass":2,"minecraft:acacia_log":10,"minecraft:acacia_leaves":7,"minecraft:oak_leaves":1},"minecraft:custom":{"minecraft:time_since_rest":7741,"minecraft:crouch_one_cm":573,"minecraft:sprint_one_cm":19595,"minecraft:play_time":7741,"minecraft:damage_taken":185,"minecraft:walk_one_cm":13416,"minecraft:sneak_time":404,"minecraft:mob_kills":8,"minecraft:jump":104,"minecraft:damage_dealt":1045,"minecraft:leave_game":2,"minecraft:time_since_death":7741,"minecraft:total_world_time":7741,"minecraft:interact_with_crafting_table":1,"minecraft:fall_one_cm":2357,"minecraft:fly_one_cm":24815}},"DataVersion":3465}